{
  "name": "Andrea - Vapi x MCP Server",
  "nodes": [
    {
      "parameters": {
        "path": "16e081d9-f84a-4867-8345-0d18985d7416"
      },
      "type": "@n8n/n8n-nodes-langchain.mcpTrigger",
      "typeVersion": 2,
      "position": [
        0,
        0
      ],
      "id": "8af08f26-79cb-43a3-80ef-03b465f989fd",
      "name": "MCP Server Trigger",
      "webhookId": "16e081d9-f84a-4867-8345-0d18985d7416"
    },
    {
      "parameters": {
        "description": "Use this tool to check availability within a specified time window.",
        "workflowId": {
          "__rl": true,
          "value": "WnczwT9mE8OAAoc1",
          "mode": "list",
          "cachedResultUrl": "/workflow/WnczwT9mE8OAAoc1",
          "cachedResultName": "Check Availability"
        },
        "workflowInputs": {
          "mappingMode": "defineBelow",
          "value": {},
          "matchingColumns": [],
          "schema": [
            {
              "id": "afterTime",
              "displayName": "afterTime",
              "required": false,
              "defaultMatch": false,
              "display": true,
              "canBeUsedToMatch": true,
              "type": "string"
            },
            {
              "id": "beforeTime",
              "displayName": "beforeTime",
              "required": false,
              "defaultMatch": false,
              "display": true,
              "canBeUsedToMatch": true,
              "type": "string"
            }
          ],
          "attemptToConvertTypes": false,
          "convertFieldsToString": false
        }
      },
      "type": "@n8n/n8n-nodes-langchain.toolWorkflow",
      "typeVersion": 2.2,
      "position": [
        384,
        256
      ],
      "id": "0fef2de9-8f47-4dc2-973c-45ff2813837b",
      "name": "Call 'Check Availability'"
    },
    {
      "parameters": {
        "description": "Call this tool to book a calendar event for a client.",
        "workflowId": {
          "__rl": true,
          "value": "mb8tuSEbb3yspPHb",
          "mode": "list",
          "cachedResultUrl": "/workflow/mb8tuSEbb3yspPHb",
          "cachedResultName": "Book Event"
        },
        "workflowInputs": {
          "mappingMode": "defineBelow",
          "value": {
            "startTime": "={{ /*n8n-auto-generated-fromAI-override*/ $fromAI('startTime', ``, 'string') }}",
            "endTime": "={{ /*n8n-auto-generated-fromAI-override*/ $fromAI('endTime', ``, 'string') }}",
            "email": "={{ /*n8n-auto-generated-fromAI-override*/ $fromAI('email', ``, 'string') }}",
            "eventSummary": "={{ /*n8n-auto-generated-fromAI-override*/ $fromAI('eventSummary', ``, 'string') }}"
          },
          "matchingColumns": [],
          "schema": [
            {
              "id": "startTime",
              "displayName": "startTime",
              "required": false,
              "defaultMatch": false,
              "display": true,
              "canBeUsedToMatch": true,
              "type": "string"
            },
            {
              "id": "endTime",
              "displayName": "endTime",
              "required": false,
              "defaultMatch": false,
              "display": true,
              "canBeUsedToMatch": true,
              "type": "string"
            },
            {
              "id": "email",
              "displayName": "email",
              "required": false,
              "defaultMatch": false,
              "display": true,
              "canBeUsedToMatch": true,
              "type": "string"
            },
            {
              "id": "eventSummary",
              "displayName": "eventSummary",
              "required": false,
              "defaultMatch": false,
              "display": true,
              "canBeUsedToMatch": true,
              "type": "string"
            }
          ],
          "attemptToConvertTypes": false,
          "convertFieldsToString": false
        }
      },
      "type": "@n8n/n8n-nodes-langchain.toolWorkflow",
      "typeVersion": 2.2,
      "position": [
        -16,
        304
      ],
      "id": "f62086a9-df9d-446f-aaa8-57ac52b6ef32",
      "name": "Call 'Book Event'"
    },
    {
      "parameters": {
        "description": "Call this tool to look up appointments within a specific time window. This tool must be called before deleting or updating an appointment. ",
        "workflowId": {
          "__rl": true,
          "value": "gx7B42r0GThRFieY",
          "mode": "list",
          "cachedResultUrl": "/workflow/gx7B42r0GThRFieY",
          "cachedResultName": "Lookup Appointment"
        },
        "workflowInputs": {
          "mappingMode": "defineBelow",
          "value": {},
          "matchingColumns": [],
          "schema": [
            {
              "id": "afterTime",
              "displayName": "afterTime",
              "required": false,
              "defaultMatch": false,
              "display": true,
              "canBeUsedToMatch": true,
              "type": "string"
            },
            {
              "id": "beforeTime",
              "displayName": "beforeTime",
              "required": false,
              "defaultMatch": false,
              "display": true,
              "canBeUsedToMatch": true,
              "type": "string"
            }
          ],
          "attemptToConvertTypes": false,
          "convertFieldsToString": false
        }
      },
      "type": "@n8n/n8n-nodes-langchain.toolWorkflow",
      "typeVersion": 2.2,
      "position": [
        96,
        368
      ],
      "id": "f3912a72-9dca-48ec-bf39-2e96a63d9ae5",
      "name": "Call 'Lookup Appointment'"
    },
    {
      "parameters": {
        "description": "Call this tool to delete an appointment.",
        "workflowId": {
          "__rl": true,
          "value": "wWi4eV1kbkJU0MQN",
          "mode": "list",
          "cachedResultUrl": "/workflow/wWi4eV1kbkJU0MQN",
          "cachedResultName": "Delete Appointment"
        },
        "workflowInputs": {
          "mappingMode": "defineBelow",
          "value": {},
          "matchingColumns": [
            "eventID"
          ],
          "schema": [
            {
              "id": "eventID",
              "displayName": "eventID",
              "required": false,
              "defaultMatch": false,
              "display": true,
              "canBeUsedToMatch": true,
              "type": "string"
            }
          ],
          "attemptToConvertTypes": false,
          "convertFieldsToString": false
        }
      },
      "type": "@n8n/n8n-nodes-langchain.toolWorkflow",
      "typeVersion": 2.2,
      "position": [
        256,
        352
      ],
      "id": "d84d9418-01ea-49e1-b719-3bc0850f35cb",
      "name": "Call 'Delete Appointment'"
    },
    {
      "parameters": {
        "description": "Call this tool to update an appointment.",
        "workflowId": {
          "__rl": true,
          "value": "n2OaRDHFiNthdDPg",
          "mode": "list",
          "cachedResultUrl": "/workflow/n2OaRDHFiNthdDPg",
          "cachedResultName": "Update Appointment"
        },
        "workflowInputs": {
          "mappingMode": "defineBelow",
          "value": {},
          "matchingColumns": [],
          "schema": [
            {
              "id": "startTime",
              "displayName": "startTime",
              "required": false,
              "defaultMatch": false,
              "display": true,
              "canBeUsedToMatch": true,
              "type": "string"
            },
            {
              "id": "endTime",
              "displayName": "endTime",
              "required": false,
              "defaultMatch": false,
              "display": true,
              "canBeUsedToMatch": true,
              "type": "string"
            },
            {
              "id": "eventID",
              "displayName": "eventID",
              "required": false,
              "defaultMatch": false,
              "display": true,
              "canBeUsedToMatch": true,
              "type": "string"
            }
          ],
          "attemptToConvertTypes": false,
          "convertFieldsToString": false
        }
      },
      "type": "@n8n/n8n-nodes-langchain.toolWorkflow",
      "typeVersion": 2.2,
      "position": [
        560,
        192
      ],
      "id": "5ec1ff24-7ecc-460d-81ac-f7d63c13a640",
      "name": "Call 'Update Appointment'"
    },
    {
      "parameters": {
        "description": "Call this tool to create a new entry for a new client in the CRM.",
        "workflowId": {
          "__rl": true,
          "value": "a4mCLQwRTpzP1GZs",
          "mode": "list",
          "cachedResultUrl": "/workflow/a4mCLQwRTpzP1GZs",
          "cachedResultName": "New Client CRM"
        },
        "workflowInputs": {
          "mappingMode": "defineBelow",
          "value": {
            "phoneNumber": "={{ /*n8n-auto-generated-fromAI-override*/ $fromAI('phoneNumber', ``, 'number') }}",
            "email": "={{ /*n8n-auto-generated-fromAI-override*/ $fromAI('email', ``, 'string') }}",
            "fullName": "={{ /*n8n-auto-generated-fromAI-override*/ $fromAI('fullName', ``, 'string') }}"
          },
          "matchingColumns": [],
          "schema": [
            {
              "id": "email",
              "displayName": "email",
              "required": false,
              "defaultMatch": false,
              "display": true,
              "canBeUsedToMatch": true,
              "type": "string"
            },
            {
              "id": "fullName",
              "displayName": "fullName",
              "required": false,
              "defaultMatch": false,
              "display": true,
              "canBeUsedToMatch": true,
              "type": "string"
            },
            {
              "id": "phoneNumber",
              "displayName": "phoneNumber",
              "required": false,
              "defaultMatch": false,
              "display": true,
              "canBeUsedToMatch": true,
              "type": "number"
            }
          ],
          "attemptToConvertTypes": false,
          "convertFieldsToString": false
        }
      },
      "type": "@n8n/n8n-nodes-langchain.toolWorkflow",
      "typeVersion": 2.2,
      "position": [
        -144,
        240
      ],
      "id": "738b7db3-0529-499c-8df0-a57d2d13ae65",
      "name": "Call 'New Client CRM'"
    },
    {
      "parameters": {
        "description": "Call this tool to look up an email in the CRM.",
        "workflowId": {
          "__rl": true,
          "value": "gYmgGMOpBdneth3j",
          "mode": "list",
          "cachedResultUrl": "/workflow/gYmgGMOpBdneth3j",
          "cachedResultName": "Client Lookup"
        },
        "workflowInputs": {
          "mappingMode": "defineBelow",
          "value": {
            "email": "={{ /*n8n-auto-generated-fromAI-override*/ $fromAI('email', ``, 'string') }}"
          },
          "matchingColumns": [
            "email"
          ],
          "schema": [
            {
              "id": "email",
              "displayName": "email",
              "required": false,
              "defaultMatch": false,
              "display": true,
              "canBeUsedToMatch": true,
              "type": "string",
              "removed": false
            }
          ],
          "attemptToConvertTypes": false,
          "convertFieldsToString": false
        }
      },
      "type": "@n8n/n8n-nodes-langchain.toolWorkflow",
      "typeVersion": 2.2,
      "position": [
        -288,
        192
      ],
      "id": "01668835-1902-426a-8607-685c592a2e24",
      "name": "Call 'Client Lookup'"
    }
  ],
  "pinData": {},
  "connections": {
    "Call 'Check Availability'": {
      "ai_tool": [
        [
          {
            "node": "MCP Server Trigger",
            "type": "ai_tool",
            "index": 0
          }
        ]
      ]
    },
    "Call 'Book Event'": {
      "ai_tool": [
        [
          {
            "node": "MCP Server Trigger",
            "type": "ai_tool",
            "index": 0
          }
        ]
      ]
    },
    "Call 'Lookup Appointment'": {
      "ai_tool": [
        [
          {
            "node": "MCP Server Trigger",
            "type": "ai_tool",
            "index": 0
          }
        ]
      ]
    },
    "Call 'Delete Appointment'": {
      "ai_tool": [
        [
          {
            "node": "MCP Server Trigger",
            "type": "ai_tool",
            "index": 0
          }
        ]
      ]
    },
    "Call 'Update Appointment'": {
      "ai_tool": [
        [
          {
            "node": "MCP Server Trigger",
            "type": "ai_tool",
            "index": 0
          }
        ]
      ]
    },
    "Call 'New Client CRM'": {
      "ai_tool": [
        [
          {
            "node": "MCP Server Trigger",
            "type": "ai_tool",
            "index": 0
          }
        ]
      ]
    },
    "Call 'Client Lookup'": {
      "ai_tool": [
        [
          {
            "node": "MCP Server Trigger",
            "type": "ai_tool",
            "index": 0
          }
        ]
      ]
    }
  },
  "active": true,
  "settings": {
    "executionOrder": "v1"
  },
  "versionId": "debf54f3-122f-46fe-81a5-45c11f9d6261",
  "meta": {
    "instanceId": "b01d7aa2bba968c58d25e678e3984a7ec496b43eb5f771c4dcd2a9007209bef6"
  },
  "id": "0keBsRSQecDierGH",
  "tags": [
    {
      "name": "Vapi MCP",
      "id": "GUQDUnciYkvykNA8",
      "updatedAt": "2025-12-10T05:22:58.143Z",
      "createdAt": "2025-12-10T05:22:58.143Z"
    }
  ]
}