{
  "name": "Book Event",
  "nodes": [
    {
      "parameters": {
        "workflowInputs": {
          "values": [
            {
              "name": "startTime"
            },
            {
              "name": "endTime"
            },
            {
              "name": "email"
            },
            {
              "name": "eventSummary"
            }
          ]
        }
      },
      "type": "n8n-nodes-base.executeWorkflowTrigger",
      "typeVersion": 1.1,
      "position": [
        0,
        0
      ],
      "id": "fd8efcbd-4b6b-4dc7-ae7c-ead1c0270c31",
      "name": "When Executed by Another Workflow"
    },
    {
      "parameters": {
        "calendar": {
          "__rl": true,
          "value": "shreykamdar75@gmail.com",
          "mode": "list",
          "cachedResultName": "shreykamdar75@gmail.com"
        },
        "start": "={{ $json.startTime }}",
        "end": "={{ $json.endTime }}",
        "additionalFields": {
          "attendees": [
            "={{ $json.email }}"
          ],
          "summary": "={{ $json.eventSummary }}"
        }
      },
      "type": "n8n-nodes-base.googleCalendar",
      "typeVersion": 1.3,
      "position": [
        208,
        0
      ],
      "id": "c9a48857-e3cc-44ff-b787-d06c3727f735",
      "name": "Create an event",
      "credentials": {
        "googleCalendarOAuth2Api": {
          "id": "ecAe0PwH3KLJRzLo",
          "name": "Google Calendar account"
        }
      }
    },
    {
      "parameters": {
        "operation": "append",
        "documentId": {
          "__rl": true,
          "value": "13YkiPCDaVRSnm8CWEu0ydjr-0LyL_ON0wVWKi3YXhSc",
          "mode": "list",
          "cachedResultName": "Copy of Hercules Detailing CRM",
          "cachedResultUrl": "https://docs.google.com/spreadsheets/d/13YkiPCDaVRSnm8CWEu0ydjr-0LyL_ON0wVWKi3YXhSc/edit?usp=drivesdk"
        },
        "sheetName": {
          "__rl": true,
          "value": 1244081211,
          "mode": "list",
          "cachedResultName": "Appointment Log",
          "cachedResultUrl": "https://docs.google.com/spreadsheets/d/13YkiPCDaVRSnm8CWEu0ydjr-0LyL_ON0wVWKi3YXhSc/edit#gid=1244081211"
        },
        "columns": {
          "mappingMode": "defineBelow",
          "value": {
            "Email": "={{ $('When Executed by Another Workflow').item.json.email }}",
            "Appointment Type": "={{ $('When Executed by Another Workflow').item.json.eventSummary }}",
            "Date": "={{ $('When Executed by Another Workflow').item.json.startTime }}",
            "Notes": "Appointment Booked",
            "ID": "={{ $json.id }}"
          },
          "matchingColumns": [],
          "schema": [
            {
              "id": "ID",
              "displayName": "ID",
              "required": false,
              "defaultMatch": false,
              "display": true,
              "type": "string",
              "canBeUsedToMatch": true,
              "removed": false
            },
            {
              "id": "Email",
              "displayName": "Email",
              "required": false,
              "defaultMatch": false,
              "display": true,
              "type": "string",
              "canBeUsedToMatch": true
            },
            {
              "id": "Appointment Type",
              "displayName": "Appointment Type",
              "required": false,
              "defaultMatch": false,
              "display": true,
              "type": "string",
              "canBeUsedToMatch": true
            },
            {
              "id": "Date",
              "displayName": "Date",
              "required": false,
              "defaultMatch": false,
              "display": true,
              "type": "string",
              "canBeUsedToMatch": true
            },
            {
              "id": "Notes",
              "displayName": "Notes",
              "required": false,
              "defaultMatch": false,
              "display": true,
              "type": "string",
              "canBeUsedToMatch": true
            }
          ],
          "attemptToConvertTypes": false,
          "convertFieldsToString": false
        },
        "options": {}
      },
      "type": "n8n-nodes-base.googleSheets",
      "typeVersion": 4.7,
      "position": [
        416,
        0
      ],
      "id": "0d071097-7c82-4b03-9523-f39cbec9b624",
      "name": "Append row in sheet",
      "credentials": {
        "googleSheetsOAuth2Api": {
          "id": "IbKALXcFDGcYVcFw",
          "name": "Google Sheets account"
        }
      }
    }
  ],
  "pinData": {},
  "connections": {
    "When Executed by Another Workflow": {
      "main": [
        [
          {
            "node": "Create an event",
            "type": "main",
            "index": 0
          }
        ]
      ]
    },
    "Create an event": {
      "main": [
        [
          {
            "node": "Append row in sheet",
            "type": "main",
            "index": 0
          }
        ]
      ]
    }
  },
  "active": false,
  "settings": {
    "executionOrder": "v1"
  },
  "versionId": "d7020bf8-4485-46c4-b8a1-2c98e8260744",
  "meta": {
    "templateCredsSetupCompleted": true,
    "instanceId": "b01d7aa2bba968c58d25e678e3984a7ec496b43eb5f771c4dcd2a9007209bef6"
  },
  "id": "mb8tuSEbb3yspPHb",
  "tags": [
    {
      "name": "Vapi MCP",
      "id": "GUQDUnciYkvykNA8",
      "updatedAt": "2025-12-10T05:22:58.143Z",
      "createdAt": "2025-12-10T05:22:58.143Z"
    }
  ]
}