{
  "name": "Check Availability",
  "nodes": [
    {
      "parameters": {
        "workflowInputs": {
          "values": [
            {
              "name": "afterTime"
            },
            {
              "name": "beforeTime"
            }
          ]
        }
      },
      "type": "n8n-nodes-base.executeWorkflowTrigger",
      "typeVersion": 1.1,
      "position": [
        0,
        0
      ],
      "id": "7b7707e7-95bb-44c7-8800-399935e46d39",
      "name": "When Executed by Another Workflow"
    },
    {
      "parameters": {
        "conditions": {
          "options": {
            "caseSensitive": true,
            "leftValue": "",
            "typeValidation": "strict",
            "version": 2
          },
          "conditions": [
            {
              "id": "76162ee2-92f6-4f5c-9376-3381250f0c9c",
              "leftValue": "={{ $json.summary }}",
              "rightValue": "",
              "operator": {
                "type": "string",
                "operation": "exists",
                "singleValue": true
              }
            }
          ],
          "combinator": "and"
        },
        "options": {}
      },
      "type": "n8n-nodes-base.if",
      "typeVersion": 2.2,
      "position": [
        416,
        0
      ],
      "id": "95a8f03c-8997-4073-bd02-395f070b44f3",
      "name": "If"
    },
    {
      "parameters": {
        "assignments": {
          "assignments": [
            {
              "id": "1488c01b-d1e4-4c3c-81a9-7bf579287d71",
              "name": "message",
              "value": "the entire day is available",
              "type": "string"
            }
          ]
        },
        "options": {}
      },
      "type": "n8n-nodes-base.set",
      "typeVersion": 3.4,
      "position": [
        624,
        96
      ],
      "id": "01c2385f-366c-4a14-9d3c-becb5a62b2f5",
      "name": "Edit Fields"
    },
    {
      "parameters": {
        "calendar": {
          "__rl": true,
          "value": "shreykamdar75@gmail.com",
          "mode": "list",
          "cachedResultName": "shreykamdar75@gmail.com"
        },
        "additionalFields": {}
      },
      "type": "n8n-nodes-base.googleCalendar",
      "typeVersion": 1.3,
      "position": [
        208,
        0
      ],
      "id": "4ee128da-f406-4d1b-9256-671e6a4da7aa",
      "name": "Create an event",
      "alwaysOutputData": true,
      "credentials": {
        "googleCalendarOAuth2Api": {
          "id": "ecAe0PwH3KLJRzLo",
          "name": "Google Calendar account"
        }
      }
    }
  ],
  "pinData": {},
  "connections": {
    "When Executed by Another Workflow": {
      "main": [
        [
          {
            "node": "Create an event",
            "type": "main",
            "index": 0
          }
        ]
      ]
    },
    "If": {
      "main": [
        [],
        [
          {
            "node": "Edit Fields",
            "type": "main",
            "index": 0
          }
        ]
      ]
    },
    "Create an event": {
      "main": [
        [
          {
            "node": "If",
            "type": "main",
            "index": 0
          }
        ]
      ]
    }
  },
  "active": false,
  "settings": {
    "executionOrder": "v1"
  },
  "versionId": "85209024-d620-4895-8910-aaba8e66e34e",
  "meta": {
    "templateCredsSetupCompleted": true,
    "instanceId": "b01d7aa2bba968c58d25e678e3984a7ec496b43eb5f771c4dcd2a9007209bef6"
  },
  "id": "WnczwT9mE8OAAoc1",
  "tags": [
    {
      "name": "Vapi MCP",
      "id": "GUQDUnciYkvykNA8",
      "updatedAt": "2025-12-10T05:22:58.143Z",
      "createdAt": "2025-12-10T05:22:58.143Z"
    }
  ]
}