{
  "name": "Client Lookup",
  "nodes": [
    {
      "parameters": {
        "workflowInputs": {
          "values": [
            {
              "name": "email"
            }
          ]
        }
      },
      "type": "n8n-nodes-base.executeWorkflowTrigger",
      "typeVersion": 1.1,
      "position": [
        -1056,
        0
      ],
      "id": "081dc6d4-335c-4eee-a3d8-1e2092082e03",
      "name": "When Executed by Another Workflow"
    },
    {
      "parameters": {
        "documentId": {
          "__rl": true,
          "value": "13YkiPCDaVRSnm8CWEu0ydjr-0LyL_ON0wVWKi3YXhSc",
          "mode": "list",
          "cachedResultName": "Copy of Hercules Detailing CRM",
          "cachedResultUrl": "https://docs.google.com/spreadsheets/d/13YkiPCDaVRSnm8CWEu0ydjr-0LyL_ON0wVWKi3YXhSc/edit?usp=drivesdk"
        },
        "sheetName": {
          "__rl": true,
          "value": 124580831,
          "mode": "list",
          "cachedResultName": "Clients",
          "cachedResultUrl": "https://docs.google.com/spreadsheets/d/13YkiPCDaVRSnm8CWEu0ydjr-0LyL_ON0wVWKi3YXhSc/edit#gid=124580831"
        },
        "filtersUI": {
          "values": [
            {
              "lookupColumn": "email",
              "lookupValue": "={{ $json.email }}"
            }
          ]
        },
        "options": {}
      },
      "type": "n8n-nodes-base.googleSheets",
      "typeVersion": 4.7,
      "position": [
        -832,
        48
      ],
      "id": "ba59b681-b64a-49e1-a625-5d5e078fef50",
      "name": "Client Lookup1",
      "alwaysOutputData": true,
      "credentials": {
        "googleSheetsOAuth2Api": {
          "id": "IbKALXcFDGcYVcFw",
          "name": "Google Sheets account"
        }
      }
    },
    {
      "parameters": {
        "conditions": {
          "options": {
            "caseSensitive": true,
            "leftValue": "",
            "typeValidation": "strict",
            "version": 2
          },
          "conditions": [
            {
              "id": "92b8d39f-ffdc-4bfe-9477-576907a28ac3",
              "leftValue": "={{ $json.email }}",
              "rightValue": "",
              "operator": {
                "type": "string",
                "operation": "exists",
                "singleValue": true
              }
            }
          ],
          "combinator": "and"
        },
        "options": {}
      },
      "type": "n8n-nodes-base.if",
      "typeVersion": 2.2,
      "position": [
        -672,
        48
      ],
      "id": "1d032101-0054-48fc-8257-faf0d919d1ee",
      "name": "If2"
    },
    {
      "parameters": {
        "documentId": {
          "__rl": true,
          "value": "13YkiPCDaVRSnm8CWEu0ydjr-0LyL_ON0wVWKi3YXhSc",
          "mode": "list",
          "cachedResultName": "Copy of Hercules Detailing CRM",
          "cachedResultUrl": "https://docs.google.com/spreadsheets/d/13YkiPCDaVRSnm8CWEu0ydjr-0LyL_ON0wVWKi3YXhSc/edit?usp=drivesdk"
        },
        "sheetName": {
          "__rl": true,
          "value": 1244081211,
          "mode": "list",
          "cachedResultName": "Appointment Log",
          "cachedResultUrl": "https://docs.google.com/spreadsheets/d/13YkiPCDaVRSnm8CWEu0ydjr-0LyL_ON0wVWKi3YXhSc/edit#gid=1244081211"
        },
        "filtersUI": {
          "values": [
            {
              "lookupColumn": "Email",
              "lookupValue": "={{ $json.email }}"
            }
          ]
        },
        "options": {}
      },
      "type": "n8n-nodes-base.googleSheets",
      "typeVersion": 4.7,
      "position": [
        -464,
        -48
      ],
      "id": "0b7d664a-e106-4802-bea1-75e7442160c6",
      "name": "Get Info1",
      "alwaysOutputData": true,
      "credentials": {
        "googleSheetsOAuth2Api": {
          "id": "IbKALXcFDGcYVcFw",
          "name": "Google Sheets account"
        }
      }
    },
    {
      "parameters": {
        "conditions": {
          "options": {
            "caseSensitive": true,
            "leftValue": "",
            "typeValidation": "strict",
            "version": 2
          },
          "conditions": [
            {
              "id": "6ca6414a-39cb-4ee9-8250-f753f14ebf35",
              "leftValue": "={{ $json.Email }}",
              "rightValue": "",
              "operator": {
                "type": "string",
                "operation": "exists",
                "singleValue": true
              }
            }
          ],
          "combinator": "and"
        },
        "options": {}
      },
      "type": "n8n-nodes-base.if",
      "typeVersion": 2.2,
      "position": [
        -256,
        32
      ],
      "id": "f35b340e-bbb4-4dd7-ad60-a7d12603e30c",
      "name": "If3"
    },
    {
      "parameters": {
        "assignments": {
          "assignments": [
            {
              "id": "b134f4e0-755d-46ca-aed5-0ac130407bd7",
              "name": "message",
              "value": "This client exists in the CRM. However, he or she has no previous appointments with Hercules detailing.",
              "type": "string"
            }
          ]
        },
        "options": {}
      },
      "type": "n8n-nodes-base.set",
      "typeVersion": 3.4,
      "position": [
        -32,
        48
      ],
      "id": "c87b9c03-42a4-4fcc-af68-c57a5f92598a",
      "name": "Message1"
    },
    {
      "parameters": {
        "assignments": {
          "assignments": [
            {
              "id": "5c8dc1cb-0b90-4363-b0c9-e86713560ef0",
              "name": "message",
              "value": "This is a new client, they don't exist in the CRM",
              "type": "string"
            }
          ]
        },
        "options": {}
      },
      "type": "n8n-nodes-base.set",
      "typeVersion": 3.4,
      "position": [
        -464,
        128
      ],
      "id": "48b6a0fd-b02b-4941-9fec-256fd08d332f",
      "name": "New Client Message1"
    }
  ],
  "pinData": {},
  "connections": {
    "When Executed by Another Workflow": {
      "main": [
        [
          {
            "node": "Client Lookup1",
            "type": "main",
            "index": 0
          }
        ]
      ]
    },
    "Client Lookup1": {
      "main": [
        [
          {
            "node": "If2",
            "type": "main",
            "index": 0
          }
        ]
      ]
    },
    "If2": {
      "main": [
        [
          {
            "node": "Get Info1",
            "type": "main",
            "index": 0
          }
        ],
        [
          {
            "node": "New Client Message1",
            "type": "main",
            "index": 0
          }
        ]
      ]
    },
    "Get Info1": {
      "main": [
        [
          {
            "node": "If3",
            "type": "main",
            "index": 0
          }
        ]
      ]
    },
    "If3": {
      "main": [
        [],
        [
          {
            "node": "Message1",
            "type": "main",
            "index": 0
          }
        ]
      ]
    }
  },
  "active": false,
  "settings": {
    "executionOrder": "v1"
  },
  "versionId": "c6505299-157c-4558-ab9d-58913ecd2571",
  "meta": {
    "templateCredsSetupCompleted": true,
    "instanceId": "b01d7aa2bba968c58d25e678e3984a7ec496b43eb5f771c4dcd2a9007209bef6"
  },
  "id": "gYmgGMOpBdneth3j",
  "tags": [
    {
      "name": "Vapi MCP",
      "id": "GUQDUnciYkvykNA8",
      "updatedAt": "2025-12-10T05:22:58.143Z",
      "createdAt": "2025-12-10T05:22:58.143Z"
    }
  ]
}