{
  "name": "Delete Appointment",
  "nodes": [
    {
      "parameters": {
        "workflowInputs": {
          "values": [
            {
              "name": "eventID"
            }
          ]
        }
      },
      "type": "n8n-nodes-base.executeWorkflowTrigger",
      "typeVersion": 1.1,
      "position": [
        0,
        0
      ],
      "id": "ac2d3d65-7311-45c8-a0f3-d1d7ac60d412",
      "name": "When Executed by Another Workflow"
    },
    {
      "parameters": {
        "operation": "delete",
        "calendar": {
          "__rl": true,
          "value": "shreykamdar75@gmail.com",
          "mode": "list",
          "cachedResultName": "shreykamdar75@gmail.com"
        },
        "eventId": "={{ $json.eventID }}",
        "options": {}
      },
      "type": "n8n-nodes-base.googleCalendar",
      "typeVersion": 1.3,
      "position": [
        208,
        0
      ],
      "id": "1f161907-6a42-4c81-8bde-9d230adae3dd",
      "name": "Delete an event",
      "credentials": {
        "googleCalendarOAuth2Api": {
          "id": "ecAe0PwH3KLJRzLo",
          "name": "Google Calendar account"
        }
      }
    },
    {
      "parameters": {
        "operation": "update",
        "documentId": {
          "__rl": true,
          "value": "13YkiPCDaVRSnm8CWEu0ydjr-0LyL_ON0wVWKi3YXhSc",
          "mode": "list",
          "cachedResultName": "Copy of Hercules Detailing CRM",
          "cachedResultUrl": "https://docs.google.com/spreadsheets/d/13YkiPCDaVRSnm8CWEu0ydjr-0LyL_ON0wVWKi3YXhSc/edit?usp=drivesdk"
        },
        "sheetName": {
          "__rl": true,
          "value": 1244081211,
          "mode": "list",
          "cachedResultName": "Appointment Log",
          "cachedResultUrl": "https://docs.google.com/spreadsheets/d/13YkiPCDaVRSnm8CWEu0ydjr-0LyL_ON0wVWKi3YXhSc/edit#gid=1244081211"
        },
        "columns": {
          "mappingMode": "defineBelow",
          "value": {
            "Date": "={{ $json.originalStartTime }}",
            "Notes": "Canceled",
            "ID": "={{ $('When Executed by Another Workflow').item.json.eventID }}"
          },
          "matchingColumns": [
            "ID"
          ],
          "schema": [
            {
              "id": "ID",
              "displayName": "ID",
              "required": false,
              "defaultMatch": false,
              "display": true,
              "type": "string",
              "canBeUsedToMatch": true,
              "removed": false
            },
            {
              "id": "Email",
              "displayName": "Email",
              "required": false,
              "defaultMatch": false,
              "display": true,
              "type": "string",
              "canBeUsedToMatch": true,
              "removed": true
            },
            {
              "id": "Appointment Type",
              "displayName": "Appointment Type",
              "required": false,
              "defaultMatch": false,
              "display": true,
              "type": "string",
              "canBeUsedToMatch": true,
              "removed": true
            },
            {
              "id": "Date",
              "displayName": "Date",
              "required": false,
              "defaultMatch": false,
              "display": true,
              "type": "string",
              "canBeUsedToMatch": true,
              "removed": false
            },
            {
              "id": "Notes",
              "displayName": "Notes",
              "required": false,
              "defaultMatch": false,
              "display": true,
              "type": "string",
              "canBeUsedToMatch": true
            },
            {
              "id": "row_number",
              "displayName": "row_number",
              "required": false,
              "defaultMatch": false,
              "display": true,
              "type": "number",
              "canBeUsedToMatch": true,
              "readOnly": true,
              "removed": true
            }
          ],
          "attemptToConvertTypes": false,
          "convertFieldsToString": false
        },
        "options": {}
      },
      "type": "n8n-nodes-base.googleSheets",
      "typeVersion": 4.7,
      "position": [
        416,
        0
      ],
      "id": "c86eac08-4b59-4731-99bb-fa3c83453d47",
      "name": "Update row in sheet",
      "credentials": {
        "googleSheetsOAuth2Api": {
          "id": "IbKALXcFDGcYVcFw",
          "name": "Google Sheets account"
        }
      }
    }
  ],
  "pinData": {},
  "connections": {
    "When Executed by Another Workflow": {
      "main": [
        [
          {
            "node": "Delete an event",
            "type": "main",
            "index": 0
          }
        ]
      ]
    },
    "Delete an event": {
      "main": [
        [
          {
            "node": "Update row in sheet",
            "type": "main",
            "index": 0
          }
        ]
      ]
    }
  },
  "active": false,
  "settings": {
    "executionOrder": "v1"
  },
  "versionId": "5f2f19e9-0ad0-40ce-a859-bc1fdb403095",
  "meta": {
    "templateCredsSetupCompleted": true,
    "instanceId": "b01d7aa2bba968c58d25e678e3984a7ec496b43eb5f771c4dcd2a9007209bef6"
  },
  "id": "wWi4eV1kbkJU0MQN",
  "tags": [
    {
      "name": "Vapi MCP",
      "id": "GUQDUnciYkvykNA8",
      "updatedAt": "2025-12-10T05:22:58.143Z",
      "createdAt": "2025-12-10T05:22:58.143Z"
    }
  ]
}