{
  "name": "Lookup Appointment",
  "nodes": [
    {
      "parameters": {
        "workflowInputs": {
          "values": [
            {
              "name": "afterTime"
            },
            {
              "name": "beforeTime"
            }
          ]
        }
      },
      "type": "n8n-nodes-base.executeWorkflowTrigger",
      "typeVersion": 1.1,
      "position": [
        0,
        0
      ],
      "id": "07d69770-cbbe-45f5-81bd-ce691b813e46",
      "name": "When Executed by Another Workflow"
    },
    {
      "parameters": {
        "operation": "getAll",
        "calendar": {
          "__rl": true,
          "value": "shreykamdar75@gmail.com",
          "mode": "list",
          "cachedResultName": "shreykamdar75@gmail.com"
        },
        "returnAll": true,
        "timeMin": "={{ $json.afterTime }}",
        "timeMax": "={{ $json.beforeTime }}",
        "options": {}
      },
      "type": "n8n-nodes-base.googleCalendar",
      "typeVersion": 1.3,
      "position": [
        208,
        0
      ],
      "id": "e9728951-637c-4228-9260-6b57e33e74ae",
      "name": "Get many events",
      "credentials": {
        "googleCalendarOAuth2Api": {
          "id": "ecAe0PwH3KLJRzLo",
          "name": "Google Calendar account"
        }
      }
    }
  ],
  "pinData": {},
  "connections": {
    "When Executed by Another Workflow": {
      "main": [
        [
          {
            "node": "Get many events",
            "type": "main",
            "index": 0
          }
        ]
      ]
    }
  },
  "active": false,
  "settings": {
    "executionOrder": "v1"
  },
  "versionId": "c8e035d5-34a2-4f4b-a135-4091afd39786",
  "meta": {
    "templateCredsSetupCompleted": true,
    "instanceId": "b01d7aa2bba968c58d25e678e3984a7ec496b43eb5f771c4dcd2a9007209bef6"
  },
  "id": "gx7B42r0GThRFieY",
  "tags": [
    {
      "name": "Vapi MCP",
      "id": "GUQDUnciYkvykNA8",
      "updatedAt": "2025-12-10T05:22:58.143Z",
      "createdAt": "2025-12-10T05:22:58.143Z"
    }
  ]
}