{
  "name": "New Client CRM",
  "nodes": [
    {
      "parameters": {
        "workflowInputs": {
          "values": [
            {
              "name": "email"
            },
            {
              "name": "fullName"
            },
            {
              "name": "phoneNumber",
              "type": "number"
            }
          ]
        }
      },
      "type": "n8n-nodes-base.executeWorkflowTrigger",
      "typeVersion": 1.1,
      "position": [
        0,
        0
      ],
      "id": "4d53e968-aefa-46bf-986e-c1b569f46be0",
      "name": "When Executed by Another Workflow"
    },
    {
      "parameters": {
        "operation": "append",
        "documentId": {
          "__rl": true,
          "value": "13YkiPCDaVRSnm8CWEu0ydjr-0LyL_ON0wVWKi3YXhSc",
          "mode": "list",
          "cachedResultName": "Copy of Hercules Detailing CRM",
          "cachedResultUrl": "https://docs.google.com/spreadsheets/d/13YkiPCDaVRSnm8CWEu0ydjr-0LyL_ON0wVWKi3YXhSc/edit?usp=drivesdk"
        },
        "sheetName": {
          "__rl": true,
          "value": 124580831,
          "mode": "list",
          "cachedResultName": "Clients",
          "cachedResultUrl": "https://docs.google.com/spreadsheets/d/13YkiPCDaVRSnm8CWEu0ydjr-0LyL_ON0wVWKi3YXhSc/edit#gid=124580831"
        },
        "columns": {
          "mappingMode": "defineBelow",
          "value": {
            "email": "={{ $json.email }}",
            "fullName": "={{ $json.fullName }}",
            "phoneNumber": "={{ $json.phoneNumber }}"
          },
          "matchingColumns": [],
          "schema": [
            {
              "id": "email",
              "displayName": "email",
              "required": false,
              "defaultMatch": false,
              "display": true,
              "type": "string",
              "canBeUsedToMatch": true
            },
            {
              "id": "fullName",
              "displayName": "fullName",
              "required": false,
              "defaultMatch": false,
              "display": true,
              "type": "string",
              "canBeUsedToMatch": true
            },
            {
              "id": "phoneNumber",
              "displayName": "phoneNumber",
              "required": false,
              "defaultMatch": false,
              "display": true,
              "type": "string",
              "canBeUsedToMatch": true
            }
          ],
          "attemptToConvertTypes": false,
          "convertFieldsToString": false
        },
        "options": {}
      },
      "type": "n8n-nodes-base.googleSheets",
      "typeVersion": 4.7,
      "position": [
        208,
        0
      ],
      "id": "6526c43e-93c4-417a-a143-e808764b7fdc",
      "name": "Append row in sheet",
      "credentials": {
        "googleSheetsOAuth2Api": {
          "id": "IbKALXcFDGcYVcFw",
          "name": "Google Sheets account"
        }
      }
    }
  ],
  "pinData": {
    "When Executed by Another Workflow": [
      {
        "json": {
          "email": "mike.scott@gmail.com",
          "fullName": "mike scott",
          "phoneNumber": 1117778
        },
        "pairedItem": {
          "item": 0
        }
      }
    ]
  },
  "connections": {
    "When Executed by Another Workflow": {
      "main": [
        [
          {
            "node": "Append row in sheet",
            "type": "main",
            "index": 0
          }
        ]
      ]
    }
  },
  "active": false,
  "settings": {
    "executionOrder": "v1"
  },
  "versionId": "177507d9-0033-4de6-8be2-f88503fd61d0",
  "meta": {
    "templateCredsSetupCompleted": true,
    "instanceId": "b01d7aa2bba968c58d25e678e3984a7ec496b43eb5f771c4dcd2a9007209bef6"
  },
  "id": "a4mCLQwRTpzP1GZs",
  "tags": [
    {
      "name": "Vapi MCP",
      "id": "GUQDUnciYkvykNA8",
      "updatedAt": "2025-12-10T05:22:58.143Z",
      "createdAt": "2025-12-10T05:22:58.143Z"
    }
  ]
}