{
  "name": "Update Appointment",
  "nodes": [
    {
      "parameters": {
        "workflowInputs": {
          "values": [
            {
              "name": "startTime"
            },
            {
              "name": "endTime"
            },
            {
              "name": "eventID"
            }
          ]
        }
      },
      "type": "n8n-nodes-base.executeWorkflowTrigger",
      "typeVersion": 1.1,
      "position": [
        0,
        0
      ],
      "id": "6d5687ff-8776-43b5-a76c-dfa6ce026a0e",
      "name": "When Executed by Another Workflow"
    },
    {
      "parameters": {
        "operation": "update",
        "calendar": {
          "__rl": true,
          "value": "shreykamdar75@gmail.com",
          "mode": "list",
          "cachedResultName": "shreykamdar75@gmail.com"
        },
        "eventId": "={{ $json.eventID }}",
        "updateFields": {
          "end": "={{ $json.endTime }}",
          "start": "={{ $json.startTime }}"
        }
      },
      "type": "n8n-nodes-base.googleCalendar",
      "typeVersion": 1.3,
      "position": [
        208,
        0
      ],
      "id": "23075421-f847-42d7-a98c-4a3b4fca0cd4",
      "name": "Update an event",
      "credentials": {
        "googleCalendarOAuth2Api": {
          "id": "ecAe0PwH3KLJRzLo",
          "name": "Google Calendar account"
        }
      }
    },
    {
      "parameters": {
        "operation": "update",
        "documentId": {
          "__rl": true,
          "value": "13YkiPCDaVRSnm8CWEu0ydjr-0LyL_ON0wVWKi3YXhSc",
          "mode": "list",
          "cachedResultName": "Copy of Hercules Detailing CRM",
          "cachedResultUrl": "https://docs.google.com/spreadsheets/d/13YkiPCDaVRSnm8CWEu0ydjr-0LyL_ON0wVWKi3YXhSc/edit?usp=drivesdk"
        },
        "sheetName": {
          "__rl": true,
          "value": 1244081211,
          "mode": "list",
          "cachedResultName": "Appointment Log",
          "cachedResultUrl": "https://docs.google.com/spreadsheets/d/13YkiPCDaVRSnm8CWEu0ydjr-0LyL_ON0wVWKi3YXhSc/edit#gid=1244081211"
        },
        "columns": {
          "mappingMode": "defineBelow",
          "value": {
            "Date": "={{ $('When Executed by Another Workflow').item.json.startTime }}",
            "Notes": "=Moved to {{ $('When Executed by Another Workflow').item.json.startTime }}",
            "row_number": 0,
            "ID": "={{ $json.id }}"
          },
          "matchingColumns": [
            "ID"
          ],
          "schema": [
            {
              "id": "ID",
              "displayName": "ID",
              "required": false,
              "defaultMatch": false,
              "display": true,
              "type": "string",
              "canBeUsedToMatch": true,
              "removed": false
            },
            {
              "id": "Email",
              "displayName": "Email",
              "required": false,
              "defaultMatch": false,
              "display": true,
              "type": "string",
              "canBeUsedToMatch": true,
              "removed": true
            },
            {
              "id": "Appointment Type",
              "displayName": "Appointment Type",
              "required": false,
              "defaultMatch": false,
              "display": true,
              "type": "string",
              "canBeUsedToMatch": true,
              "removed": true
            },
            {
              "id": "Date",
              "displayName": "Date",
              "required": false,
              "defaultMatch": false,
              "display": true,
              "type": "string",
              "canBeUsedToMatch": true,
              "removed": false
            },
            {
              "id": "Notes",
              "displayName": "Notes",
              "required": false,
              "defaultMatch": false,
              "display": true,
              "type": "string",
              "canBeUsedToMatch": true
            },
            {
              "id": "row_number",
              "displayName": "row_number",
              "required": false,
              "defaultMatch": false,
              "display": true,
              "type": "number",
              "canBeUsedToMatch": true,
              "readOnly": true,
              "removed": false
            }
          ],
          "attemptToConvertTypes": false,
          "convertFieldsToString": false
        },
        "options": {}
      },
      "type": "n8n-nodes-base.googleSheets",
      "typeVersion": 4.7,
      "position": [
        416,
        0
      ],
      "id": "c196b9d6-c08c-4850-9948-1a9821484096",
      "name": "Update row in sheet",
      "credentials": {
        "googleSheetsOAuth2Api": {
          "id": "IbKALXcFDGcYVcFw",
          "name": "Google Sheets account"
        }
      }
    }
  ],
  "pinData": {},
  "connections": {
    "When Executed by Another Workflow": {
      "main": [
        [
          {
            "node": "Update an event",
            "type": "main",
            "index": 0
          }
        ]
      ]
    },
    "Update an event": {
      "main": [
        [
          {
            "node": "Update row in sheet",
            "type": "main",
            "index": 0
          }
        ]
      ]
    }
  },
  "active": false,
  "settings": {
    "executionOrder": "v1"
  },
  "versionId": "777fe43c-07d3-4e89-b7ee-b19630016a67",
  "meta": {
    "templateCredsSetupCompleted": true,
    "instanceId": "b01d7aa2bba968c58d25e678e3984a7ec496b43eb5f771c4dcd2a9007209bef6"
  },
  "id": "n2OaRDHFiNthdDPg",
  "tags": [
    {
      "name": "Vapi MCP",
      "id": "GUQDUnciYkvykNA8",
      "updatedAt": "2025-12-10T05:22:58.143Z",
      "createdAt": "2025-12-10T05:22:58.143Z"
    }
  ]
}